;primary;primary;primary;primary;primary;primary;primary;primary;primary;primary;primary;primary;primary;primary;primary;primary;primary;primary;primary;primary;primary;primary;primary;primary;primary;primary;primary;primary;primary;primary;primary;primary;primary;primary;primary;primary;primary;primary;primary;primary;secondary;secondary;secondary;secondary;secondary;secondary;secondary;secondary;secondary;secondary;secondary;secondary;secondary;secondary;secondary;secondary;secondary;secondary;secondary;secondary;secondary;secondary;secondary;secondary;secondary;secondary;secondary;secondary;secondary;secondary;secondary;secondary;secondary;secondary;secondary;secondary;secondary;secondary;secondary;secondary
;offer_prices;offer_prices;offer_prices;offer_prices;offer_prices;offer_prices;offer_prices;offer_prices;offer_prices;offer_prices;offer_prices;offer_prices;offer_prices;offer_prices;offer_prices;offer_prices;offer_prices;offer_prices;offer_prices;offer_prices;transactional_prices;transactional_prices;transactional_prices;transactional_prices;transactional_prices;transactional_prices;transactional_prices;transactional_prices;transactional_prices;transactional_prices;transactional_prices;transactional_prices;transactional_prices;transactional_prices;transactional_prices;transactional_prices;transactional_prices;transactional_prices;transactional_prices;transactional_prices;offer_prices;offer_prices;offer_prices;offer_prices;offer_prices;offer_prices;offer_prices;offer_prices;offer_prices;offer_prices;offer_prices;offer_prices;offer_prices;offer_prices;offer_prices;offer_prices;offer_prices;offer_prices;offer_prices;offer_prices;transactional_prices;transactional_prices;transactional_prices;transactional_prices;transactional_prices;transactional_prices;transactional_prices;transactional_prices;transactional_prices;transactional_prices;transactional_prices;transactional_prices;transactional_prices;transactional_prices;transactional_prices;transactional_prices;transactional_prices;transactional_prices;transactional_prices;transactional_prices
yearquarter;Bialystok;Bydgoszcz;Gdansk;Gdynia;Katowice;Kielce;Krakow;Lublin;Lodz;Olsztyn;Opole;Poznan;Rzeszow;Szczecin;Warszawa;Wroclaw;Zielona_Gora;7miast;10miast;6miast_bez_Warszawy;Bialystok;Bydgoszcz;Gdansk;Gdynia;Katowice;Kielce;Krakow;Lublin;Lodz;Olsztyn;Opole;Poznan;Rzeszow;Szczecin;Warszawa;Wroclaw;Zielona_Gora;7miast;10miast;6miast_bez_Warszawy;Bialystok;Bydgoszcz;Gdansk;Gdynia;Katowice;Kielce;Krakow;Lublin;Lodz;Olsztyn;Opole;Poznan;Rzeszow;Szczecin;Warszawa;Wroclaw;Zielona_Gora;7miast;10miast;6miast_bez_Warszawy;Bialystok;Bydgoszcz;Gdansk;Gdynia;Katowice;Kielce;Krakow;Lublin;Lodz;Olsztyn;Opole;Poznan;Rzeszow;Szczecin;Warszawa;Wroclaw;Zielona_Gora;7miast;10miast;6miast_bez_Warszawy
1.07.2006;2727;3243;5004;4937;3986,27;2918,644443;6021;3456;3210;4000;3342,843092;4769,933415;2862;3214,980636;5873;4750;2754,275993;5427;3006,89024;4978;3008;2663;3494;4467;3522,59;2834,839339;6816;3022;2860;2640;3299,151723;3620,845241;2656;3233,916487;5605;3211;2499,00893;3590,503415;2663,155087;4231;3070;2530;4541;5756;2507,52;2424,920724;7114;3160;2740;3414,43;3164,077933;3751,811582;2851;3189,802832;7179;5260,765306;2136,754149;5706,669166;2859,637817;4889,511659;2529;2424;3926;2782;2027,9;2354,885985;5193;2769;1905;3125,56797;2776,763107;3332,054889;2591;2887,596747;6232;4734,454545;1959,940408;4648,684507;2595,410571;3712,965925
1.10.2006;2727;3947;6199;5284;4062,31;3492,617589;7929;3314;4237;4800;;4827,2275;3401;3679,123336;6095;5759;2869,297734;6143;3281,497017;6174;3117;2811;5252;5284;3734,72;3014,090525;7089;3304;3642;2869;3342,843092;4725,658134;3013;3575,024357;6186;3777;2768,751404;5368,79462;3219,546861;4923,359666;3408;2784;5406;6496;2649,12;3127,42017;7383;3562;3316;3925;3584,53925;4461,663155;3734;3856,592591;8751;5856,744292;2384,110425;6610,762259;3356,48924;5424,809014;2998;2359;4072;4561;2160,05;2672,772174;6349;2884;2160;3665,461853;2885,417364;3903,300937;2935;3132,581232;7143;4931,839286;2381,246885;5380,120156;2905,161165;4411,779914
1.01.2007;4181;4501;6437;6466;4518,37;3381,718956;8247;3604;4927;5149;;7274,746093;3420;4749,124321;7509;6308,702547;2871,939482;6941;3885,816847;6643;3500;3017;5490;5797;3805,67;3241,415228;7192;3309;4209;2960;;6444,721994;3469;3831,400406;7302;7062,85905;2499,814669;6499,214997;3275,503686;6121,367643;3986;3607;6115;7211;3703,64;3903,904872;8369;3986;4130;5049,13;3349,433759;6104,056482;4187;4734,745893;9316;6746,537634;2993,461129;7462,51159;4000,143487;6428,230196;3590;2836;4787;4966;2542,27;3021,517037;6267;3373;3360;4081,97386;3294,768586;4522,564592;3916;3754,532887;7730;5732,059633;2264,236625;5937,110734;3282,703473;4937,654512
1.04.2007;4725;5700;7999;8934;5180,56;3901,57831;8129;4143;5453;4776;;7360,018661;4080;5049,969372;8000;6294;4153,489905;8097;4611,643445;7352;4422;4092;7137;6992;5093,57;3017,729302;7856;3503;5403;3318;3307,345458;7242,73;3517;4932,747279;7523;5289;3258,090803;6784,602588;3922,505883;6610,170027;4418;3932;6602;6747;4152,12;4120,776601;8272;4699;4609;5352,28;4149,525104;6698,106843;4647;4958,812705;9740;7038,089701;3199,250378;7762,697785;4418,205388;6656,657062;4009;3424;5806;5817;3013,02;3660,76916;7309;3870;3749;4687,416028;3771,099332;5537,787462;3918;4083,303123;8696;6217,137037;3125,78632;6828,455664;3794,29083;5777,572063
1.07.2007;4199;4994;8053;8114;6235,53;4651,056569;8420;4645;5201;4900;4784,143691;6837,76137;4069;5034,720763;8740;6444,287532;4207,569891;8212;4894,223573;7921;4651;4466;7440;7238;5697,62;4765,978233;8060;4125;5212;3588;4253,276317;5425,817049;4124;5121,045287;7879;5835,806577;4015,413864;7064,988495;4646,590467;6604,815975;4580;4150;6740;7188;4150,53;4230,502;8255;4815;4721;5394,15;4135,527712;6386,660477;4814;5093,844964;10078;7193,97654;3565,479913;7877,982502;4531,704889;6666,281104;4635;3913;6059;6483;3870;3669,711186;7193;4265;3981;4715,707696;3957,761948;5804,549114;4073;4321,12096;9137;6861,634921;3483,102602;6921,338351;4121,105012;5761,664846
1.10.2007;4995;4829;7402;7887;6457,54;4475,155576;8355;5047;5062;4900;4937,434137;7563,710226;4357;5731,136188;9561;5495,13631;3965,476807;8181;5164,963435;7411;5079;4582;6294;7495;5717,63;4629,101108;7985;4597;5076;3806;4441,739988;6865,071818;4365;4697,024137;8571;5625;3822,867291;8063,814882;4819,140246;6754,251411;4637;3956;6824;6917;4473,12;4299,542177;8140;4962;4686;5169,65;4362,620018;6471,7834;4849;5297,289468;9952;7265,657321;3441,150246;7852,981503;4632,456834;6705,27854;4637;3758;6267;6069;3611,95;3876,180807;6715;4713;4039;4938,167622;3967,267321;5947,934328;4424;4647,450551;9034;5965,092827;3269,632087;6965,49982;4246,854096;5877,729001
1.01.2008;5128;4893;7210;7737;6257,59;4528,613808;8084;5011;5048;4800;4919,777757;7479,829109;4188;5722,909844;9427;5728,236508;3965,331613;8108;4868,383175;7373;5160;4540;6473;7301;5791,06;4407,707105;8000;4861;5103;4389;4252,540184;7597,508333;4163;5361,706544;8535;5268;4108;7538,907779;4782,557174;6936,689078;4738;3685;6795;6984;4739,42;4528,463879;7979;5141;4737;5199,61;4235,144814;6235,312289;4901;5124,4861;9850;7138,062189;3416,905312;7867,760312;4641,06672;6763,172975;4168;3801;6074;6321;3685,13;4078,458104;6777;4718;4160;4854,351903;3711,778773;6356,713021;4169;4438,17496;8921;5757,731278;3491,893251;6893,974051;4200,256827;5769,157623
1.04.2008;5651;5035;8509;7897;6599;5281,053898;8034;5174;4962;4800;4930,91749;7338,029848;4215;5663,598867;9300;6299,30554;3985,643588;8096;4986,620489;7423;4973;4982;7740;7209;5113,46;4879,704696;8027;4531;5041;4324;3916,841072;7070,440877;4177;5448,251816;8611;5349;3842,15764;6724,934962;4831,55394;6665,72709;4853;4202;6704;6854;4638,18;4478,014038;7934;5071;4668;5014,25;4068,432194;6096,793132;4824;5179,889853;9783;7158,820809;3489,976527;7755,164797;4691,934688;6625,407329;4404;3984;6087;6119;3967,51;4126,734937;6629;4890;3961;4725,507128;3729,407092;5857,657329;4187;4698,732102;8546;5890,829694;3354,485952;6738,278986;4316,456636;5740,105129
1.07.2008;5115;4959;8454;7169;6303,43;5395,875405;8012;5170;5480;4924;4943,045505;7320,217572;4433;5520,665844;9235;5704,481422;4012,366509;7818;5025,780911;7029;5141;4670;7042;6694;5153,52;4917,532282;7814;5073;5214;4524;3916,197632;6854,370645;3947;5454,726938;8325;5891;3892,244376;7382,950492;4903,01707;6879,360718;4777;4151;6608;6960;4554,93;4573,546784;7180;5111;4544;4964,12;4186,672511;5979,679579;4790;5174,222451;9679;6921,936255;3505,571238;7537,500237;4678,403524;6344,394503;4604;3957;5952;5816;3622,18;4122,164393;6294;4885;3780;4560,150496;3797,01922;6142,952076;4366;4793,681207;8528;6104,730769;3179,633444;6649,0416;4300,40644;5592,57589
1.10.2008;4725;4989;6609;6342;6676,96;5208,196857;7751;5266;5329;4761;4967,615537;7277,032245;4069;5469,042524;9821;5027,138512;3891,690289;7845;5331,817354;6742;5177;4749;6193;6384;5772,17;4608,749919;7518;5217;5542;4353;3765,311352;6767,977342;4401;5663,186169;8149;5513;3770,753075;7022,923124;5006,679368;6396,354173;4744;4240;6793;7059;4360,31;4356,192923;7251;5091;4873;4946,72;4142,936132;5953,704378;4640;5079,09256;10196;6859,448343;3487,5364;7755,064189;4618,066608;6400,347801;4601;3917;6048;6208;3952,2;3996,206491;6530;4859;4020;4570,158901;3700,446925;5430,198859;4217;4650,67183;9046;5867,290837;3143,165108;6890,174996;4249,975569;5688,901731
1.01.2009;5510;4940;6800;6290;6482,04;5110,59355;7675;5177;5308;4650;4993,303921;7200,436767;3966;5310,291624;9880;5014;3574,886631;7910;5148,914022;6802;5005;5023;5309;6241;4994,94;4821,624011;7373;4746;4746;4419;3776,489059;6364,834917;3965;5174,409122;7543;5218;3646,170596;6625,558322;4811,874651;6114,438631;4613;4095;6648;7104;4340,42;4467,064674;6864;5062;4730;4730,22;4234,587221;5978,517958;4683;4965,155014;9626;6784,571429;3430,315636;7443,037036;4539,924866;6225,980655;4432;3876;6166;6063;3776,62;3970,223935;6110;4805;3874;4454,672844;3772,265071;5226,13;4071;4615,544707;8406;5752,780822;3114,181246;6567,490111;4187,622884;5543,01593
1.04.2009;4738;4897;6875;6084;6614,53;5098,609913;7622;5079;4960;4600;5015,07998;7232,718582;3787;5323,809748;9859;5093;3538,331694;7732;5020,923201;6558;4976;4835;5907;5891;5410,83;4715,51525;7169;4693;5101;4485;3471,459193;6283,931773;3849;4958,178652;7461;5095;3366,423625;6521,7532;4705,338415;6002,14659;4614;4017;6644;6949;4288,48;4286,908885;6678;5017;4431;4710,13;4282,797984;6216,013937;4684;4860,199549;10133;6748,864807;3364,635028;7562,906813;4504,089168;6131,921804;4301;3541;5651;5554;3563,41;3982,205695;6065;4650;3870;4424,453374;3814,498044;5613,335336;4058;4426,188044;8406;5615,339207;2972,306218;6448,398787;4060,492597;5346,431583
1.07.2009;4925;4920;6096;6294;5990;5121,857739;7631;5329;5255;4496;5082,903567;7029,869491;3742;5181,476071;9992,960622;5362;3571;7730;5027,12148;6462;4787;4757;5804;5504;4524;4678,348467;6866;4437;4755;4297;3669,26368;6145,965107;3969;5406,036513;7585,235697;5105;3500;6502,058077;4579,493152;5900,601607;4641;4244;6449;6901;4370;4498,766301;6564;5010;4643;4733,41;4082,643533;5970,058895;4641;4964,269587;9705,240248;6841,823389;3347;7389,767306;4564,329479;6099,403892;4201;3885;5570;5582;3541;3910,768671;5975;4589;3677;4477,588864;3581,671668;5220,597933;3896;4329,810062;7948,936758;5927,17623;2941;6211,564813;4105,338187;5245,290242
1.10.2009;4830;4939;6179;6134;5909;4978,293153;7521;5287;5250;4913;5223,491735;6725,227116;4021;4987,346628;9915,277206;5640;3530;7696;4892,269852;6464;4838;4694;5476;5774;4866;4778,483236;6981;4830;5275;4494;3492,074298;6129,590896;3843;5056,837153;7679,589222;5472;3459;6629,205348;4585,550162;6048,317694;4620;4203;6350;6991;4181;4433,913008;6734;4977;4400;4719,66;4154,499872;5924,453085;4681;4834,065228;9671,304386;6757,758152;3331;7360,961914;4507,081896;6072,138058;4086;3964;5653;5797;3303;4166,577414;6155;4926;3636;4540,642603;3649,138253;5181,047527;4096;4320,381304;8496,857367;5753,367893;3085;6420,80989;4114,071113;5272,479435
1.01.2010;4791;5080;6077,708581;6128;6467;4958,341277;7595;5113;5290;5290;5275,839975;6685,470922;4159;5205,82819;9118,68994;6020;3554;7468;5148,732786;6552;4790;4524;5839,453403;5495,145018;5303;4797,970649;6985;4495;5020;4877;3626,901751;6436,406105;3837;4916,485959;8173,215446;5628;3511;6842,00294;4635,334021;6102,735039;4729;4202;6465;7032;4136;4604,925384;6916;5028;4558;4763;4166,152727;6073,872058;4611;4867,641244;9901,014979;6725;3402;7516,435903;4560,071382;6196,900269;4243;3850;6052,378586;5981;3722;4048,815902;6182;4720;3933;4474,98;3617,105503;5397,083261;4134;4174,710384;8619,705138;5871;2963;6624,657104;4088,616188;5512,798605
1.04.2010;4640;5026;5730,007636;5693;6360;4947,129806;7559;5257;5366;4840;5355,092274;6586,992705;4274;5003,875723;8550,997477;6090;3584;7192;5078,254931;6437;4802;4856;5677,562445;5277,712226;4511;4829,226865;6920;4535;4846;4602,306;4125,44468;6631,571163;4039;4751,18396;7973,892134;5938;3538;6785,086808;4608,804491;6122,866479;4709;4270;6491;6901;4256;4505,514913;6937;5037;4407;4709,387615;4193,790181;6122,492916;4654;4843,569988;9982,014518;6678;3332;7537,567562;4565,157799;6175,705262;4369;3596;5797,920248;5416;3455;4229,684972;6115;4959;3845;4520,152;3919,328573;5575,33;4232;4303,28487;8932,818111;6102;3098;6673,712919;4144,416241;5414,692952
1.07.2010;4790;5036;5456,091178;6030;6420;4944,53397;7526;5002;5367;5100;5429,243738;6599,816961;4305;4983,137944;8294,768957;6231;3628;7084;5151,930697;6412;4732;4954;5272,049377;5460,652439;5071;4523,102075;6834;4821;4936;5025;4053,832676;6303,847288;4191;4840,468963;7940,206331;5614;3563;6683,953481;4754,851864;5984,719732;4752;4233;6286;6700;4323;4626,168162;6909;5063;4406;4759,085225;4295,471061;6012,1395;4615;4864,108748;9787,59292;6562;3388;7340,512015;4546,311461;6015,953434;4286;3866;5579;5470;3632;4114,16017;6296;4930;3874;4467,153;3735,337432;5495,816906;4359;4392,15597;8492,700155;5990;3009;6535,944052;4183,715118;5454,398788
1.10.2010;4778;4733;5577;6327;6085;4951,116727;7564;5003;5215;5135;5497,052124;6527,888331;4254;4959,416869;8133,259354;6342;3673;7067;4975,192674;6476;4755;4606;5216;5617;4914;4803,276778;6789;4819;4905;5010;3816,673847;6591,292701;4572;4794,236618;7440,556759;5735;3663;6564,410823;4738,182894;6076,087702;4809;4005;6494;6510;4108;4706,912779;6964;5139;4457;4726;4137,342116;6047,338798;4696;4760,216057;9766,837903;6602;3507;7350,577743;4478,442352;6039,543875;4169;3814;5432,734628;5317;3528;4222,507137;6284;4774;3924;4403,605;3742,314762;5245,640438;4224;4345,508929;8023,554003;6050;3150;6274,310547;4110,178948;5370,213387
1.01.2011;4830;4764;5732;6344;6122;4906,825631;7517;4993;5265;4858;4840;6376,381121;4077;4980;8211;6129;3660;7244;4997,056396;6708;4821;4730;5692;6004;5329;4790,077971;6886;4896;5066;4955;4759,13539;6263,621981;4264;4855;8037;5905;3651;6868,59225;4838,820455;6219,892797;4862;4055;6536;6522;4233,84;4678,334521;7206;5161;4469;4719;4222,23924;5940,193024;4726;4759;9706;6576;3579;7335,590573;4555,522467;6106,550357;4391;3945;5383;5481;3606,68;4285,150157;6394;5019;3738;4562,668;4010,15058;5520,200585;4333;4153;7915;5883;3166;6264,973903;4180,505146;5385,444721
1.04.2011;4823;4849;5630;6541;6141;4953,594515;7209;5053;5002;4938;4841;6328,437763;4142;5049;8396,152133;6281;3644;7255;5026,769214;6619;4782;4635;5661;6205;4417;4966,786435;7082;4827;5123;4963;4776;6535,631145;4202;4819;7526,773103;5949;3671;6789,420422;4640,351099;6380,040829;4810;4153;6573;6493;3974,14;4622,269871;7246;5199;4363;4698;4246,000545;5910,991904;4777;4733;9471,754326;6582;3522;7239,149626;4512,532895;6077,854657;4334;3733;5671;5483;3500,23;4426,798746;6478;4945;3843;4571,518;3958,777381;5320,944633;4485;4171;7920,247077;6004;3222;6318,827588;4158,548021;5445,025792
1.07.2011;4828;4841;5804;6344;5451;4866,774709;7061;5121;5101;4920;4839,483666;6286,103724;4283;5017;8025,110844;6388;3757;7073;4889,454214;6544;4843;4575;5479;6430;4697;4803,884376;6958;5133;4907;4896,343;4726,363727;6155,14173;4178;5048;7422,746065;6098;3679;6686,221369;4758,776485;6275,752676;4778;4058;6472;6430;3964,85;4436,106664;6949;5149;4238;4679;4455,654217;5804,138097;4729;4707;9396,573437;6541;3511;7105,449929;4458,115068;5941,281041;4044;3583;5548;5288;3417,7;4201,47596;6369;5206;3798;4577,159;4002,392724;5380,082386;4472;4161;7919,579052;5918;3070;6259,954506;4113,77803;5365,049954
1.10.2011;4825;4880;5910;6441,292638;5412,732734;4876,306415;7039;5031;5038;4772,637;4837,139128;6203,601386;4271;5000;7826,248644;6370;3764;6948;4895,989339;6460;4601;4626;5506;6313,129299;4603,599668;4768,498926;6711;4644;4793;4703;4675,772406;6218,923224;4239;4847;7225,681702;5720;3747;6486,501218;4589,976162;6072,067594;4754;3923;6241,911834;6462,59635;4152,491379;4535,635855;6989;5050;3990;4625;4174,976962;5736,534774;4791;4704;9363,30248;6397;3555;7119,275407;4489,106072;5888,095685;4349;3625;5316,24544;5369,616676;3355,634615;4238,803247;6224;4989;3939;4395,399;3863,545543;5254,220527;4522;3990;7888,94602;5728;3078;6237,22089;4097,438689;5313,167789
1.01.2012;4776;4846;6248;6879;4740,797565;4982,137276;7111,896885;5080;5176;4775,016;4834,995969;6183,136513;4457;4951,047056;7879,183433;6406;3756;6978;4805,547766;6527;4577;4520;5594;6106;4678,79281;4662,529862;6637,001747;4935;4610;4663;4644,739108;5931,560452;4138;4734,917534;6966,769914;5606;3750;6207,759781;4600,997489;5804,714281;4724;3885;6384;6370;4052,694805;4510,469226;6775,557221;5057;4006;4628;4171,11878;5604,162838;4801;4586,213396;9110,861571;6367;3570;7024,243221;4438,229399;5866,016672;4304;3503;5295;5219;3317,746377;4217,559537;6489,408465;4848;3647;4250,606;3744,720823;5395,793324;4325;3996,317904;7601,062879;5533;3064;6065,957596;4011,196648;5253,881841
1.04.2012;4731;4851;6357,566713;6119,040245;5351,42082;5070,749808;7082,54425;5134;4948;4787,653;4832,044687;6058,024276;4565;4973;8122,658551;6467;3734;6966;4902,559293;6348;4384;4686;5604,392771;6603,655005;4443,222454;4944,016351;6616,384553;4906;4668;4451,95;4557,261871;5880,134897;4135;4762;7042,943541;5808;3602;6298,579533;4573,985597;5884,22555;4674;3932;6309,517713;6475,044341;4121,547177;4545,122523;6724,241038;5076;4033;4632;3981,225396;5534,707418;4905;4431;9035,278113;6307;3621;6950,700028;4442,251322;5788,250524;4018;3429;5113,221297;5131,005073;3399;3941,154998;6010,84136;4805;3587;4268,471;3828,630994;5159,026533;4422;3944;7522,351068;5357;3186;5873,204154;3962,704006;4971,546503
1.07.2012;5011;4859;6475;6278,626591;5411,423281;5219,014369;6893,044091;5111;4969;4840;4828,528614;6160,990375;4507;4981,844887;7874,934938;6267;3744;6846;4962,067379;6303;4507;4502;5554,577855;6439,355877;5003,604829;5160,697559;6710,523506;4864;4473;4480;4428,306471;5978,397532;4496;4759,431291;6756,710121;5521;3673;6103,610399;4678,61213;5739,382344;4588;3606;6273,735973;6451,446004;4057,384106;4464,390751;6617,044522;5065;3794;4544;4065,773264;5518,544323;4935;4441,71283;8899,903619;6182;3493;6852,558054;4359,621961;5711,553662;4177;3405;5268,624884;4473,896821;3370,8;3986,943379;6096,412756;4886;3418;4202,356;3739,983134;5074,18737;4547;3810,689612;7247,428278;5477;3184;5737,65471;3932,987151;4948,319906
1.10.2012;4951;4787;6513,995835;6186,072692;5317,691757;5109,780495;6773,493746;5043;4646;4570,101;4828,525864;6130,552004;4555;4985,891367;7695,079809;6069;3653;6679;4889,242813;6123;4357;4615;5335,860958;6002,137066;5685,23043;4515,760472;6416,814134;4699;4536;4556;4203,178877;5338,923826;4407;4567,484188;6466,028356;5593;3691;5931,070313;4636,33712;5631,258184;4583;3882;6239,752398;6474,532208;4137,881356;4469,150603;6648,378213;4995;3854;4465;4012,606578;5446,26714;4912;4336,21145;8767,548407;6100;3504;6792,331121;4378,99554;5691,985083;3797;3371;4902,674964;5208,817301;3356,536082;3829,325819;6115,323983;4588;3341;4081,227;3752,737025;5067,304215;4549;3750,270423;7237,902079;5401;2978;5720,317001;3807,42909;4975,960572
1.01.2013;4965;4934;6452,584084;6063,427935;5526,309706;5061,172993;6361,697466;5126;4898;4597,9;4821;6382,25277;4463;4836,288489;8076,076627;6031;3634;6783;4877,076944;6002;4610;4855;5291,97437;5732,08353;5103,59987;4647,241536;5926,333424;4679;4629;4394,538;4428;6147,073173;4467;4547;6989,640327;5430;3655;6031,496802;4604,18138;5482,207335;4576;3639;6277,900086;6608,042592;3955,349112;4366,749659;6644;4491;3975;4364,798;4073,757758;5406,260311;4908;4434,355432;8606,018177;5959;3533;6738,245154;4304,431345;5700,982622;3899;3434;5019,568987;4613,478582;3115,8;3691,436418;5931;4917;3422;3967,735;3688,992381;4807,062289;4422;3807,600788;6686,79975;4999;2867;5445,363477;3766,467072;4759,883419
1.04.2013;4936;5131;6403;6582,399349;5816,815822;5075,341172;6265,893816;5014;4811;4647,425;4808,917721;6334,477905;5141;4774,034191;8080,505448;5970;3613;6824;5000,35999;6097;4428;4815;5682;6082,71525;5232,116858;4646,013467;6298,649024;4943;4531;4478,264;4526,406356;5997,617408;4383;4581,208721;7018,096418;5603;3623;6165,583879;4648,544613;5681,97393;4546;3713;6151,726332;6337,038981;4000,757732;4338,056975;6488,576066;4858;4058;4424,725;4062,40255;5657,191112;4890;4170,886441;8637,967322;5986;3485;6739,758877;4277,274918;5678,24251;3728;3349;4943,031372;4563,606988;3222,144279;3706,767587;5679,915142;4703;3360;4046,152;3618,868197;4931,518433;4425;3741,084433;6866,704821;4979;3314;5504,858523;3817,42773;4757,748402
1.07.2013;4949;5185;6397,896552;6824,496014;5897,766456;4883,549743;6071,463798;5140;4780;4855,693;4674,422429;6341,773667;5148;4827,823417;8145,839738;5997;3613;6737;5039,059362;5920;4526;4896;5794,389078;6646,396466;4670,342903;4717,680351;5895,29829;4770;4388;4559,693;4616,53108;5913,432943;4680;4443,709902;7172,740615;5605;3606;6227,263262;4608,358138;5679,093587;4520;3607;6007,492147;6618,06193;3973,015081;4330,152709;6585;4935;4018;4389,594;4246,385146;5628,480284;4910;4151,627353;8544,233966;5984;3516;6746,014532;4279,250545;5730,414732;3755;3357;4871,0524;4327,925395;3253,809643;3933,494979;5884;4273;3469;4028,49;3832,11208;5041,801968;4462;3848,284967;6971,053425;5094;2895;5587,236124;3771,405684;4816,022097
1.10.2013;4938;5279;6568;6313,644507;5455,738289;4882,119822;6122,340669;5017;4768;4866,636;4426,262859;6417,455132;5102;4895,961521;8088,267196;5928;3674;6745;4980,959225;5928;4493;4528;6154,847039;6003,475789;4529,311796;4651,074141;5782,45488;4796;4423;4510,615;4638,233079;5867,854568;4821;4741,504588;7427,495038;5693;3625;6314,232408;4588,222108;5664,016381;4494;3736;6136,02778;6629;3927,873016;4215,414086;6537;4901;3978;4417,783;4174,431415;5717,871644;4934;4247,234668;8626,628782;6098;3447;6793,683466;4282,765897;5768,378783;3670;3403;4798;4623,91978;3300,826797;3908,934427;5827;4392;3400;4022,207;3714,219566;5062,060532;4491;3825,045467;7188,567566;5037;3141;5664,315186;3797,433474;4814,835407
1.01.2014;4856;5040;6090,446853;6943,809937;5530,761726;4851,655445;6472,42678;5009;4808;4861,926;4457,94735;6669,886702;5123;4878,647952;8005,404657;6016;3693;6744,943493;4940,853649;6047,009667;4501;4601;5501,162748;6071,846156;4531,850262;4587,361297;5999,943164;4643;4433;4492,57;4370,24557;6145,525564;4515;4732,029038;7298,319227;5668;3620;6196,321694;4545,792278;5598,987917;4510;4019;6102,824807;6410;3915,265;4215,323184;6754,220114;4886;3984;4442,918;3974,73895;5830,057071;4946;4370,115025;8622,175843;6096;3473;6807,13243;4336,60872;5795,592151;3712;3342;4791;4817;3377,612903;3869,885639;5730,514512;4382;3464;4004,73;3731,778965;5008,4747;4384;3823,555692;7169,819091;5100;2994;5637,599031;3789,660322;4783,67879
1.04.2014;4840;4951;6232;6341,230549;5601,897444;4878,214654;6433,618869;4924;4936;4937,435;4563,908051;6560,276163;5027;4844,039618;7924,025628;6092;3784;6695,696501;4969,252092;6013,350692;4488;4808;5977;5648,444865;4973,863138;4622,853785;6172,010463;4917;4533;4461,085;4390,327026;6116,460736;4828;4699,143747;7315,61455;5860;3688;6251,997106;4682,428022;5685,48889;4450;3536;6073,014594;6492;4045,571695;4186,474627;6682,360634;4884;3915;4420,129;4231,231428;5742,140281;4908;4293,829977;8690,682868;5899;3459;6774,832688;4269,419472;5707,111876;3685;3416;5021;4716;3338,958333;3738,8724;5937;4441;3421;4137,872;3793,887019;4969,714239;4455;3709,749249;7331,508016;5087;3179;5742,58899;3854,150851;4857,069898
1.07.2014;4885;5100;6074;6328,332147;5397,031063;4767,404433;6214,309634;4922;4932;4929,2;4730,889147;6551,987411;5040;4875,727324;7819,356025;6050;3769;6647,743886;4932,728433;5996,03285;4431;4797;5805;6036,681099;5015,422863;4577,564755;5970,209272;4843;4661;4690,021;4608,712055;6022,054271;4649;4745,115764;7445,527182;5921;3736;6316,739139;4686,288276;5700,406206;4443;3758;5858,060095;6657;4026,949495;4174,161826;6644,171698;4831;3907;4405,312;4096,663251;5805,923406;4933;4273,124494;8625,77618;5980;3429;6764,324702;4275,412318;5726,920784;3701;3514;5023;4734;3563,149153;3867,693502;5929,6109;4487;3361;4043,741;3783,863712;4994,488718;4551;3762,148836;7365,298534;5100;3277;5751,932751;3837,657335;4852,789257
1.10.2014;4909;5149;6289,228883;6004,743866;5544,663594;4750,275216;6491,090375;5005;4861;4941,912;4771,918808;6546,295554;5034;4892,077687;7691,358071;6075;3784;6598,56468;4979,321089;5993,876;4570;4618;5785,164605;5877,1407;4906,688437;4601,542915;5722,171748;4967;4656;4735,94;4650,830749;6225,140501;4709;4840,629329;7314,723077;5793;3750;6212,847049;4708,717463;5605,359632;4445;3830;5872,587622;6466;3917,611702;4147,647637;6860,480191;4854;3892;4316,006;4109,176153;5693,839641;4953;4306,817873;8635,84566;6017;3509;6758,914618;4276,409039;5712,883797;3702;3450;5008;4617;3347,712687;3703,328319;5833,822139;4444;3490;4006,887;3900,643809;5010,181495;4582;3986,128864;7386,722247;5194;2990;5761,754556;3790,27354;4856,145213
1.01.2015;4881;5200;6492,288428;6201,398813;5630,474968;4856,137925;6564,528925;5008;4863;4971,117;4802,074578;6599,738677;5245;4955,460734;7839,312623;5964;3808;6693,560862;5024,537567;6054,33214;4526;4619;5950,924168;5777,734001;4794,636422;4736,14258;5860,678424;4920;4578;4723,725;4726,986278;6306,811928;4857;4779,298709;7395,596806;5988;3647;6307,482981;4694,255817;5694,110169;4423;3685;5981,750369;6324,042402;3928,250457;4053,290428;7030;4844;3923;4347,683;4141,302218;5847,73708;4959;4305,212587;8607,919481;5901;3480;6771,117545;4251,462027;5747,451042;3665;3531;5166,416263;4873,818864;3541,630435;3663,459442;6197;4424;3342;4054,533;3784,977536;4969,569608;4485;3732,226848;7334,787729;5245;2985;5759,222241;3816,531201;4881,145197
1.04.2015;4838;5092;6671,324659;6356,791628;5632,311244;4844,072869;6720;4966;4906;4799,208;4800,994464;6526,581786;5082;4812,858416;7872,092154;6077;3813;6757,409228;4948,124487;6135,75582;4606;4720;5749,018427;6162,270702;4897,975629;4506,621021;5896;4980;4687;4807,061;4427,062365;6209,111959;4990;4822,475183;7509,905954;6068;3743;6352,177838;4717,280061;5707,143885;4463;3765;5949,310307;6187,428412;3978,214756;4028,789404;6977,530488;4953;3865;4301,004;4157,010736;5830,809444;5010;4393,39987;8552,515045;5812;3443;6705,547839;4299,697347;5676,216138;3745;3567;5112,695951;5125,734967;3444,094584;3716,813066;6157,192115;4386;3442;4025,231;3861,482461;4984,737454;4533;3812,700903;7308,474039;5116;2897;5791,095246;3835,049851;4945,446179
1.07.2015;4790;5121;6416,414482;6583,925767;5509,348811;4782,548944;6658;5108;4881;4746,8;4781,357829;6482,168237;5038;4851,451065;7807,028089;6135;3835;6709,996714;4949,50507;6098,333141;4613;4745;6089,023901;6710,131466;5003,394397;4548,784498;6311,502168;5017;4676;4616,611;4428,623188;6228,153566;4596;4696,407342;7557,10591;6044;3749;6486,072894;4699,012356;5893,247317;4402;3949;5993,170938;6312,031402;3936,15102;4066,858352;6947,759904;4884;3872;4339,689;4200,091277;5408,847422;4973;4196,115969;8565,0265;5930;3421;6713,671659;4280,573558;5681,89469;3857;3573;5114;4962,246775;3434,139241;3684,417274;6095,157525;4534;3376;4046,988;3948,946004;5098,862401;4435;3892,277809;7447,388579;5263;3101;5869,044489;3877,750014;4989,418906
1.10.2015;4886;5088;6487,950391;6264,550361;5511,275502;4878,024031;6524,534146;5172;4831;4848,315;4599,088373;6511,799893;5126;4814,649161;7788,873947;6245;3870;6683,508944;4976,066925;6067,336682;4519;4819;6030,863083;6333,692414;5048,501745;4619,943713;6357,267456;4913;4697;4763,696;4366,039013;6234,407476;4868;4609,02818;7461,922544;6109;3785;6457,862566;4708,439779;5885,65292;4456;3774;6132,55;6402,07;3909,226235;4034,514437;6794,804965;4893;3850;4309,579;4232,34433;5729,950071;4954;4218,154582;8655,338126;5914;3439;6767,309968;4254,363508;5715,094623;3890;3562;5441,34;4879,44;3442,304909;3589,443426;5938,903377;4561;3341;4059,701;3837,583003;5060,426069;4463;3740,6567;7401,106206;5177;3146;5823,177556;3856,202425;4943,7835
1.01.2016;4850;5148;6635,995494;6505,886577;5423,910366;4837,772803;6524;5050;4773;4806,437;4577,015404;6424,69546;4986;4872,502136;7877,689;6190;3873;6731,081743;4948,040131;6076,187112;4594;4831;6451,939954;6208,749622;5029,888686;4710,342172;6239;4995;4738;4737,089;4368,945773;6245,974311;4806;4669,528262;7639,388136;5993;3777;6523,470003;4737,825756;5889,167841;4488;3875;6192,65;6406,7;3920,091691;4026,06661;6827,493189;4947;3940;4373,775;4186,524499;5940,923006;4916;4413,482542;8657,874;5951;3447;6807,756461;4306,811398;5776,669185;3986;3574;5364;4699,13;3531,037333;3606,694814;5884,120569;4449;3277;4125,531;3805,064386;5064,987299;4623;3787,391981;7433,749778;5216;3086;5794,783442;3880,04853;4881,231273
1.04.2016;4832;5153;6581,282976;6963,510238;5372,200362;4832,588411;6670,440829;5095;4894;4787,561;4640,6065;6457,748962;5013;4884,663618;7648,558;6201;3880;6694,081061;4947,980957;6140,990022;4615;4834;6185,232954;6391,451833;4867,994588;4685,483918;6342,941735;5035;4646;4728,746;4350,12375;6297,619258;4852;4832,378838;7582,883;6218;3781;6520,361525;4748,427519;5917,453741;4536;3834;6319;6795,02;3970,725375;4004,124426;6756,323281;4990;4009;4379,97;4221,202959;6040,453384;4914;4348,675236;8720,911842;5984;3500;6866,471901;4310,165916;5832,975576;4000;3715;5521;5154,79;3499,984981;3558,020427;5740,253838;4568;3347;4121,562;3919,628764;5176,636882;4591;3996,50775;7355,384857;5201;3060;5798,813319;3938,945876;4931,321777
1.07.2016;4684;5246;6535,657037;6948,962431;5365,416333;4685,500338;6525,678267;5244;4900;5173,66;4488,19714;6452,69172;4952;4871,04643;7771,718118;6335;3880;6773,875678;4967,180381;6201,540097;4596;4954;6283,464884;6630,784716;5172,911056;4581,252848;6298,207394;4976;4727;4934,868;4431,86064;6195,179198;5019;4793,27868;7696,128493;6162;3836;6578,307312;4817,490018;5951,307177;4578;3909;6226,18;6729,56;3988,051153;4058,493528;6837;4992;4036;4352,937;4365,735914;6092,564564;4954;4381,332968;8777,941343;6062;3526;6912,418538;4351,19142;5872,745633;3933;3692;5555,35;5030,23;3636,470852;3620,194008;5819,879912;4559;3284;4215,903;4001,661829;5236,398488;4514;4006,348206;7308,609823;5332;3267;5826,037646;3985,256021;4999,308851
1.10.2016;4707;5250;6549,534791;6841,708524;5293,116207;4679,415995;6711;5202;5110;5559,423;4500,682187;6402,75587;4842;4875,361071;7638,064611;6443;3891;6796,000794;4975,830609;6324,32781;4505;4852;6481,188639;6975,271902;5037,853819;4558,990677;6451;5212;4850;4990,943;4686,188644;6303,872273;5036;4822,569052;7686,00209;6163;3858;6661,92267;4825,234576;6074,710696;4568;4048;6455,36;6653,74;3957,204143;4008,009204;6910;4980;4096;4383,912;4253,583085;6122,678409;4953;4349,94947;8708,571517;6165;3599;6951,517742;4353,233034;5972,295618;4078;3782;5609,67;5140,94;3577,144498;3455,673046;5951,252004;4680;3417;4127,214;3934,674396;5281,687242;4642;3998,351115;7555,880697;5480;3073;5976,593828;3987,633695;5096,442824
1.01.2017;4844;5289;6461,539187;6869,847209;5361,973542;4676,573056;6618,933651;5123;4943;5565,576;4690,696831;6429,217447;4811;5051,728183;7706,529322;6460;3890;6781,484623;5030,33147;6295,197699;4612;4971;6430,393973;6710,381668;5113,692783;4614,109961;6372,824416;5095;4792;4898,89;4528,959688;6263,225774;4801;4694,383251;7562,114718;6136;3851;6575,977944;4803,147673;6026,936618;4580;4123;6565,672032;6822,449706;3929,432482;4091,044086;6859,131862;5047;4149;4436,622;4394,749319;5954,880147;4995;4431,269447;8815,734;6253;3596;7020,664873;4406,793468;6020,256207;4015;3779;5778,493729;4970,945383;3527,526992;3501,506519;5979,158048;4651;3509;4091,211;4006,296051;5154,349982;4651;3995,45274;7428,848;5390;3110;5936,263433;3967,845725;5104,683334
1.04.2017;4874;5397;6775,257954;6785,406901;5383,332366;4757,157218;6746,158351;5210;5180;5481,031;4741,426987;6434,689785;5054;5772,251961;7739,707327;6461;3912;6870,992662;5195,716493;6378,116861;4687;4945;6500,627809;6732,012446;5095,3992;4544,821227;6583,491292;4953;4940;4997;4657,14762;6260,456674;4894;5235,771641;7682,575699;6314;3861;6687,291072;4891,042229;6131,407627;4597;4195;6969,521517;7186,266147;3944,791958;4064,923442;6992,494976;5073;4203;4471,263;4521,894058;6079,523156;5023;4452,870276;8884,968;6267;3599;7116,381505;4432,196716;6130,732277;4040;3792;6030,469902;5753,73857;3551,314721;3612,205923;6038,028475;4630;3588;4260,357;4211,611395;5465,476146;4763;4138,153488;7820,91;5445;3393;6178,164105;4047,291418;5263,138054
1.07.2017;5096;6028;7329,19579;7258,821023;5438,574466;4779,658392;6931,476461;5134;5147;5449,56;4760,665871;6479,397335;4990;5845,339774;7788,432381;6390;3922;6953,268544;5342,114782;6485,906802;4463;5330;6816,26096;7174,530463;5226,45483;4546,893628;6810,247591;5243;4911;4929,41;4758,87813;6378,695371;4962;5358,816111;7819,855952;6433;3861;6874,931305;4982,006439;6346,390561;4597;4285;7035,25;7204,31;3899,194946;4117,166168;7204,804694;5102;4241;4449;4580,940187;6052,790677;5121;4649,960729;9008,711;6293;3617;7260,563381;4489,608283;6286,304687;3998;3987;6065,28;5798,89;3805,486301;3652,744099;6347,378557;4765;3762;4199;4221,233926;5432,929069;4744;4265,429031;8019,952;5764;3336;6373,529317;4141,088028;5455,962969
1.10.2017;5066;6041;7370,844583;7954,689089;5479,364502;4761,515021;6923,77173;5209;5332;5600;4758,122397;6550,619345;4992;5616,684274;8019,756102;6526,141896;3937;7121,466755;5347,710578;6621,951504;4587;5177;6829,488041;6901,968757;5266,250419;4689,069236;6755,043946;5093;5148;5593,45;4793,777034;6382,4;4842;5468,32068;7750,880271;6389;3873;6829,06574;5030,557202;6313,494678;4746;4328;7345,06676;7383,299915;4012,854317;4189,23451;7593,251187;5142;4314;4516;4585,990231;6349,403049;5225;4632,984195;9235,344;6365,474749;3686;7443,830212;4554,038702;6445,402932;4199;4004;6337,12345;5919,723632;3698,409314;3654,804017;6275,765918;4879;3784;4312;4285,106762;5549,615781;4677;4316,447102;8053,854;5906;3358;6445,020742;4186,668446;5548,403145
1.01.2018;5095;6196;8053,928994;7855,476059;5376,905254;4868,926655;6918,257455;5284;5524;5708,96;5020,804608;6676,285946;4952;5660,189207;8201,149282;6745;3931;7307,297304;5396,822908;6808,687907;4944;5635;7254,886886;6851,47935;5217,348369;4591,489259;6795,534794;5473;5211;5363,686;4704,297237;6429,930362;4929;5257,308212;7964,892386;6508;3863;6980,260924;5160,110149;6431,353379;4921;4460;7727,435133;7301,353051;4314,63285;4308,87564;7767,100556;5139;4432;4653,751;4787,423821;6524,634552;5394;4752,461325;9346,346763;6422,746129;3757;7594,091456;4695,78507;6617,543562;4254;4102;6484,575699;6098,132604;3980,833333;3704,782272;6357,378792;4782;4022;4242,686;4371,285267;5620,13979;4945;4375,348474;8047,135688;5841;3495;6478,025354;4267,254497;5603,545827
1.04.2018;5236;6123;8421,690002;7911,930385;5779,701146;4868,76;6902,119274;5364;5475;5811,48;5070,307178;6866,286782;5257;5759,036231;8610,518284;7020;3951;7528,190183;5496,591133;6924,60364;5052;5403;7543,476571;7080,415417;5464,118611;4797,976;6778,373999;5479;5206;5239,704;4993,706427;6735,463439;5170;5512,51121;8182,738187;6651;3899;7128,454246;5233,88382;6539,79082;5059;4488;8567,185005;8005,522037;4146,174497;4364,071911;8006,100737;5339;4642;4728,433;4971,853698;6651,531791;5414;4933,297917;9346,995351;6485;3827;7780,788928;4781,527024;6907,927776;4495;4181;6624,672572;6428,095911;4017,671202;3854,181028;6504,004783;4939;3959;4509,778;4608,674677;5777,019242;4989;4555,301468;8393,999957;6077;3554;6680,774744;4410,118937;5725,772526
1.07.2018;5401;6227;8293,091904;7640,721382;5844,903172;4851,587781;7040,135609;5676;5529;5793,91;5199,438629;6930,668099;5233;5941,41085;8887,606896;7145;4102;7641,433007;5646,026942;6946,06157;5351;5393;7256,830658;7417,874125;5486,889905;4804,82288;6944,889068;5545;5356;5311,443;5012,778437;6848,573656;5318;5671,639186;8537,825168;6750;3909;7341,146034;5319,085226;6674,050303;5134;4526;8739,879347;8559,816028;4173,058351;4364,873399;8059,374688;5295;4711;4867,118;5005,947143;6762,69157;5476;4975,474559;9611,981281;6491;3903;7978,930387;4807,447029;7068,816201;4682;4430;7148,977652;6562,036796;4204,311865;3882,665206;6786,773405;5001;4256;4554,065;4817,784924;5932,283874;5044;4781,077948;8603,638357;6159;3515;6940,534815;4553,818442;6009,477763
1.10.2018;5569;6427;8603,402564;9341,839717;6273,925446;5111,892136;7355,58897;5860;5663;5946,414;5263,646437;7032,572678;5210;6054,104883;9019,622871;7230;4306;7862,415672;5833,646827;7203,246141;5385;5429;7914,527126;7803,314461;5845,742319;4967,077231;7198,75615;5785;5507;5611,67;5312,083559;7016,985992;5227;5880,256457;8564,578476;6905;3994;7525,371663;5503,176535;6937,471104;5333;4684;8856,314989;8490,244023;4734,207384;4540,629589;8465,918824;5507;4811;5024,792;5191,663331;6939,316217;5659;5176,805763;10277,19357;6571;4311;8282,973162;5055,029868;7171,575908;4712;4560;7508,428871;6743,23034;4200,45584;3881,50986;6892,360808;5095;4465;4803,574;4875,428576;6113,539317;5106;4814,662744;8761,859186;6191;3822;7154,116547;4630,338408;6243,835924
1.01.2019;5640;6309;8267,423061;9205,569126;6417,642316;5101,383342;7623,270072;5866;5796;6083,302;5322,137814;7350,505611;5549;6243,824193;9426,992837;7457;4512;8097,177282;5917,754072;7344,149653;5422;5911;8262,364454;7990,141022;6539,488814;4999,16251;7427,256629;5874;5631;5576,708;5302,899747;7055,721625;5117;5960,421968;8771,154301;7032;4243;7674,141231;5675,859807;7055,957189;5718;4789;9415,155564;8668,086192;4953,182376;4749,884907;8697,028128;5641;5053;5253,82;5236,141063;6958,783868;5851;5453,245901;10287,43117;7339;4285;8514,343771;5251,160692;7513,867283;4896;4601;7350,71557;6810,47388;4438,453271;3968,042544;6912,058417;5176;4616;4822,701;4808,14674;6151,152457;5546;5074,109097;8984,515953;6267;3950;7231,243633;4783,939813;6235,329393
1.04.2019;5753;6340;9032,708277;9071,099223;6547,655949;5132,389886;7960,561979;5844;6010;6081,52;5645,645321;7233,264506;5792;6304,55289;9590,522282;7636;4670;8294,09206;5987,675096;7561,98233;5620;5930;8288,370137;8180,609053;6274,727063;5020,152215;7738,199268;5852;5853;5676,699;5222,317694;7086,543195;5523;6494,744538;8932,04925;7435;4496;7864,484859;5789,702561;7266,895594;5743;4970;9344,851362;9440,13914;4913,975128;4759,315863;8898,785147;5733;5116;5400,928;5313,157111;7073,270959;6132;5657,472988;10575,00647;7441;4486;8721,030208;5363,568935;7671,086085;5069;4914;7823,064238;7081,440799;4520,631675;4067,355169;7286,222393;5371;4596;5048,638;4978,443059;6339,259151;5697;5185,931863;9243,271549;6482;4203;7448,273899;4947,093827;6443,204503
1.07.2019;5916,260791;6415;9474,023817;9185,675256;6717,029486;5283,552874;8016,736752;5933;6027;6190,722;5698,433361;7390,789979;5799;6605,901207;9934,552237;7909;4727;8514,152522;6122,712498;7713,39918;5583,768923;6337;8533,896551;8321,185776;6745,506032;5220,400743;7785,909332;6158;5881;5871,841;5728,367036;7101,569695;6105;6649,788524;9188,448558;7661;4539;8018,156779;6061,352725;7361,632045;5794,11728;5252;9955,896709;9138,802566;5617,625;4796,671957;8912,858161;5965;5203;5536,087;5325,12493;7187,923251;6243;5786,017649;10815,52647;7572;4721;8911,365651;5624,799168;7831,840011;5315,076041;5050;7766,757507;7297,398209;4748,562297;4344,830872;7403,540598;5565;4708;5171,33;4992,842037;6447,667512;5708;5358,706316;9456,896814;6858;4354;7618,817733;5128,123683;6586,750979
1.10.2019;5961,062567;6512;9806,05298;9175,175126;7002,425988;5476,06661;8529,66205;5911,0284;6274;6349,88;6086,321476;7394,00054;5880;6574,048813;10280,10156;7976;4819;8778,761721;6195,39514;7942,051308;5687,500331;6190;8585,225967;8027,319992;6879,938339;5295,153754;8235,060233;5977,4468;6026;6107,897;5487,453865;7395,992746;5761;6752,30409;9475,831959;7634,070064;4688;8221,212658;6053,676595;7522,001857;6063,292822;5430;9893,168178;9078,404911;5431,369923;5078,873645;9109,0153;6170,5949;5392;5674,195;5539,520611;7638,707542;6552;5856,666995;11191,65175;7720;4899;9072,313532;5721,223625;7880,900089;5315,696568;5095;8364,109189;7383,823259;4894,881165;4452,936994;7657,176834;5747,0224;4870;5382,60378;5043,216549;6663,609013;5731;5524,659482;9812,423683;7316;4547;7931,08897;5235,104153;6877,926924
1.01.2020;6219,540372;6592;9904,150708;9242,623329;7313,422116;5494,184512;9208,667224;5964,77;6608;6380,091;6098,494862;7541,348066;5909;6642,185633;10610,40761;8482,754245;5110,749482;9150,307946;6337,590935;8330,837183;5838,748814;6331;8741,374032;8251,159865;6996,087409;5424,637738;8360,248006;6150,82;6249;6219,963;6201,625898;7423,456194;6157;6913,095419;9818,60194;8354,078189;4850,545709;8503,975655;6262,704154;7760,885657;6245,287311;5553;10572,74117;8582,530143;5780,842049;5446,537955;9517,664402;6666,33;5465;5812,994;5848,662519;7809,12891;6904;6158,58706;11655,76681;8158,142595;5099,861606;9472,792504;6013,503082;8220,425134;5518,099544;5297;8387,420645;7671,276969;5106,077748;4578,187838;8162,014587;5884,23;5011;5449,131;5188,615983;6832,009509;6313;5698,255953;10003,45579;7315,487723;4650,16275;8133,655846;5429,487526;7089,833836
1.04.2020;6166,39508;7093;9780,905572;9437,845402;7340,754423;6156,135738;9732,518891;6223,73;6509,853845;6410,954;6075,952385;7763,706335;5987,19;7084,876967;10717,44158;8652,029745;5250,652576;9310,634795;6575,785333;8521,340935;5810,964187;6354;8806,044925;7974,3458;6829,162683;5573,063877;8624,791304;5977,73;6080,256015;6289,123;6081,52319;7430,929152;5844,76;6732,158381;9438,246533;8040,593186;4885,602845;8395,1615;6165,285164;7808,133219;6487,813212;5851;10332,00967;8562,56335;5820,856909;5451,234413;9672,442551;6835,37;5431,523338;6016,158;5934,133861;7823,227783;7006,49;6217,788554;11520,58269;8024,049036;5130,09403;9393,471285;6157,366944;8183,488886;5731,800744;5456;8503,662297;7726,534274;5326,594572;4773,927036;8469,246856;6464,5;5245,087012;5630,136;5474,018725;7012,950644;6610,9;5881,760794;10288,20541;7495,752258;4757,82655;8367,816476;5684,484825;7295,9274
1.07.2020;6229,196511;7125;9620,978064;9570,707312;7661,946573;6145,144567;9466,708606;6650,8;6733,590102;6428,931;6109,397063;7922,116862;6047,65;7786,497026;10735,27908;8670,419891;5388,156129;9323,877591;6802,242267;8533,297891;5827,245071;6535;9024,341939;8240,475974;6884,881781;5724,949637;8916,75739;6187,97;6406,324691;6387,698;5955,418277;7458,695559;6173,06;7014,256734;10182,75272;8108,997799;5112,931792;8761,757445;6327,833503;7967,978538;6311,586881;6013;10264,11267;8684,650303;6084,450791;5438,85002;9542,329133;6807,55;5463,523585;5957,722;5817,144199;7851,073629;7066,55;6301,535364;11713,08692;8303,184618;5232,095313;9466,598088;6191,757846;8214,609336;5715,69848;5611;8934,796624;7993,042169;5278,224889;4770,216006;8620,168194;6330,51;5612,985485;5665,508;5428,532879;7137,197996;6516,03;6093,96911;10470,22073;7300,813952;4429,669316;8564,33418;5688,952672;7502,16619
1.10.2020;6238,454932;7227,199624;9690,680486;9758,682919;7953,776321;6234,691382;9615,427639;6898,45;6760,702224;6417,334;6011,073321;7979,701094;6274,26;8090,700492;10750,49594;8630,373379;5480,562577;9395,409281;6950,004803;8634,044714;5816,133262;6664,880678;9400,179807;8132,838695;7246,027228;5920,388304;8755,651522;6848,71;6624,224858;6425,049;6031,419606;7636,368741;6145,6;7155,549703;10239,68834;8232,809641;5350,012251;8836,845719;6527,404356;8052,718227;6398,245677;6107,355796;10522,69076;9562,857281;5949,155988;5530,916183;9819,753444;6970,01;5720,885871;6032,482;5798,856599;7808,150049;7133,04;6458,628041;11892,84452;8596,578299;5294,955189;9716,568796;6267,930184;8503,71045;5866,161598;5697,607929;9052,956339;7942,04454;5375,792602;4866,930566;8847,341748;6359,03;5521,827074;5793,917;5519,914459;7218,866196;6713,05;6193,524682;10671,16475;7973,401492;4766,706883;8741,60888;5777,083036;7666,787595
1.01.2021;6509,418692;7271,72142;10070,1841;10218,2515;8050,995342;6232,085561;9740,41037;7082,1;6854,06145;6591,192;5996,616503;7989,594681;6362,14;8221,16311;10969,46677;9061,962482;5635,256648;9600,639284;7074,749513;8831,549182;6024,499425;6962,435251;9793,824852;9324,885666;7371,154258;5982,056423;8864,691565;6789,66;6500,418136;6448,184;6231,313265;7960,604103;6437,62;7642,76048;10665,86926;8423,430649;5315,944843;9142,168775;6740,518484;8289,152969;6700,232704;6201,252811;10528,83206;9029,103849;6486,934107;5671,221018;9899,13522;7285,15;5904,63379;6130,249;5900,054;7942,585995;7246,23;6609,486843;12221,14478;8715,208212;5557,797279;9850,243804;6496,503554;8529,069442;5892,416634;5689,421913;9314,847714;8016,709323;5369,773641;4972,737813;8939,702057;6766,7;5433,279714;5813,802;5566,913319;7284,669259;6626,75;6210,638868;10878,86093;8057,171784;4764,216151;8885,288881;5872,756362;7763,032853
1.04.2021;6814,560575;7405,489409;9716,266039;10408,9626;8248,818318;6344,685708;10134,62302;7577,93;7408,694708;6869,963;5942,685813;8256,307664;6711,08;8461,357377;11361,83159;9387,11699;6297,869036;9937,54093;7355,711364;9138,903405;6370,346743;7107,061448;10259,98014;9824,398932;7838,916136;6297,292186;9397,774235;7085,45;6675,507581;6777,795;6152,464338;7929,604439;6447,75;7853,525074;10695,52059;8577,596312;5683,830147;9325,5608;6980,976843;8567,505585;6892,212811;6252,495369;10818,80169;9413,651802;6527,294902;5738,524905;10231,2689;7409,75;6012,008335;6333,627;6034,284981;8136,930664;7383,68;6829,820998;12462,70841;8981,956215;5739,431744;10095,51008;6630,288752;8772,196071;6215,825429;5791,927052;9378,868396;8548,619094;5481,008848;5300,832525;9379,725072;6950,17;5800,017517;5989,366;5605,110083;7425,026613;6957,49;6444,682164;11217,52196;8509,93019;5173,989535;9194,902802;6094,710529;8059,417883
1.07.2021;7621,430905;7567,229851;10309,71658;10997,73592;8386,82046;6633,179704;10617,26004;7965,41;8005,591164;6917,102;6855,05311;8780,701478;7270,76;8793,883706;11405,54647;9964,982607;6819,508193;10282,6887;7733,518956;9651,231651;6713,791178;7118,190582;10043,00736;9738,883118;8340,278144;6530,053616;9715,7907;7274,14;7450,701597;6841,467;6118,876235;8025,514716;6759,43;8579,960825;11005,86098;8890,989708;6047,197276;9638,405142;7285,135346;8868,486287;7132,802974;6281,63893;11156,13257;9919,146958;6608,576578;6100,080012;10614,31889;7693,72;6682,878215;6510,325;6105,561862;8321,969377;7553,39;7212,209372;12953,03278;9159,815685;5962,997729;10562,26107;6839,297375;9221,292524;6320,374826;5860,956178;9770,86024;8745,103096;5727,941387;5376,963913;9695,214332;7176,09;6074,741512;6209,477;5773,823252;7677,145704;7032,61;6723,705946;11584,65162;8563,149922;5375,181232;9489,130136;6258,891112;8316,580375
1.10.2021;8154,667964;8102,672213;11185,36093;10922,66759;8384,231834;6768,737773;11009,24537;7897,4;8117,335312;7202,552;7146,702739;9199,547977;7776,045525;9176,720109;11819,77611;10188,73632;7128,88143;10641,65233;7998,587036;9980,171312;7575,857589;7671,216134;10930,4857;9927,325311;8290,436337;6718,461866;10310,90171;8176,32;7527,576984;7031,006;6844,164963;8605,035849;7210,083119;8927,657492;11620,60748;9506,858142;6437,952474;10205,1643;7747,113164;9410,321827;7447,762527;6477,348939;11443,89809;10156,47105;6962,457953;6262,587982;11415,54195;8283,98;6666,608879;7055,648;6145,579443;8951,552184;7836,421579;7665,697448;13304,97127;9326,695273;6456,317939;10979,08691;7192,290133;9660,595413;6552,438761;6102,102711;10275,33814;8998,342059;5841,866101;5715,585843;10000,81888;7361,74;6158,301967;6375,061;6083,154542;7861,973756;7494,665591;6905,687085;11845,07933;8953,385096;5568,30231;9757,82211;6483,208088;8594,897423
1.01.2022;8317,783907;8308,990556;11356,05287;11241,12365;8849,635886;7123,739258;11155,73154;8170,49;8145,137193;7809,562;6837,903353;9841,093457;8101,905032;9417,141826;12517,31157;10351,79112;7295,015572;11033,71994;8267,218114;10206,03581;8035,588826;7738,073424;11230,21572;9830,243991;8928,042381;6928,761643;10535,74751;8358,64;7717,909661;7444,229;7101,625412;8795,489795;7493,193507;8974,109873;12380,66236;10029,28755;6884,962014;10665,68709;8038,892431;9719,007153;8159,77222;6752,919328;12012,27611;10834,1758;7250,54637;6650,974229;11845,28388;8425,43;7018,018847;7324,127;6619,584355;9402,000803;8125,508547;7916,607509;13365,56901;10074,83687;6882,720337;11280,79526;7526,947881;10101,14368;6915,689311;6296,838511;10336,44981;9269,431022;6144,548584;5991,814093;10331,07391;7883,74;6214,246555;6833,186;6200,610795;8124,894103;7791,848324;7605,174517;12251,07955;9202,380471;5719,4647;10037,7726;6858,766946;8800,567831
1.04.2022;8610,804227;8874,54633;11632,49792;11531,41514;9295,276303;7703,616526;11389,91694;8500,11;8481,22818;7960,356;8221,370213;9967,686142;8412,457098;9900,600525;12895,01842;10788,63217;7337,78687;11435,82266;8713,09688;10568,68063;8395,829625;7861,82273;10898,06501;10131,11105;9448,71913;7108,420315;11143,18874;8770,74;7928,955821;7601,753;6937,461748;9498,163871;7340,956741;9960,707211;12343,41044;10337,63121;7203,402137;10979,25777;8391,65129;10108,86041;8455,938679;6920,914106;12097,04099;10884,30372;7212,217507;6844,38533;12105,87068;8565,75;6973,528093;7535,739;6808,942868;9517,037407;8518,956622;8154,518471;14073,29865;10452,98396;7170,302874;11599,52951;7732,141481;10227,69391;7530,72762;6439,793036;10771,43695;9800,992481;6288,124311;6188,15971;10750,15772;7892,98;6652,198612;7007,531;6463,390226;8564,04804;8216,468824;7880,201388;12714,17897;9686,160642;6239,976978;10488,31403;7107,037865;9245,432275
1.07.2022;8722,57682;8857,123612;11619,63046;11850,07719;10107,06769;8067,553508;11731,28299;9381,58;8972,587872;8236,678;8340,77964;10152,49582;8695,758497;10973,93204;12911,99575;10962,5627;7390,078373;11553,90626;9192,039126;10773,15526;8448,746011;8330,052435;11603,75251;10330,62895;9229,140791;8043,377184;11602,55471;8814,99;8475,205761;7473,723;8367,315356;9736,289641;7539,509327;10930,35071;12726,52243;10519,51502;7457,668969;11299,9749;8753,431404;10478,68511;8324,406683;7058,269531;11930,65806;10749,19573;7304,751085;6921,792044;12247,09081;8539,39;7164,052029;7553,97;7064,056669;9438,244525;8600,318055;8101,106485;13483,72953;10591,17088;7047,747703;11414,98473;7744,294842;10268,22992;7685,636395;6564,547468;11429,25006;10184,07682;6174,173037;6391,319793;11057,49739;7706,53;6886,762101;7190,639;6835,879522;8802,082934;8238,737354;7556,240036;12916,52195;10177,56056;6393,635326;10769,77036;7109,118471;9572,659229
1.10.2022;8714,306751;9009,782884;11642,93698;11666,68398;10320,49408;8346,691539;11965,44724;9406,64;9152,195087;8562,815;8499,809461;10326,44785;8721,365086;10861,29001;13009,17096;11384,43256;7425,491559;11692,04485;9274,038045;10925,25367;8473,80945;7853,289253;10693,88059;10829,74478;9662,555832;8282,201702;12131,137;8783,44;8520,310628;7562,753;8276,880172;9715,799709;8086,693609;10720,40444;12835,9562;10453,28018;7468,296042;11417,56012;8803,403932;10587,97491;8377,185232;7051,820755;12218,58668;11069,43704;7400,255716;6883,465395;12432,50938;8545,85;7203,233922;7546,56;7039,375039;9542,536067;8741,690127;7920,875516;13499,16687;10671,62928;7094,972603;11495,04609;7742,883473;10350,90864;7406,611453;6445,0099;11277,58502;9737,260059;6232,330646;6324,07286;11085,94198;8009,41;6384,086354;7059,539;6956,921476;8705,706234;8040,579045;7871,537944;13025,87213;10113,89874;6511,515574;10697,59835;7138,069259;9398,212905
1.01.2023;8777,528931;9124,957964;11808,45846;11243,64265;10459,8197;8386,214349;12139,72537;9732,67;9390,522397;8879,468;9055,984735;10682,06655;8948,547044;11156,99486;13301,62072;11948,26829;7447,811932;11918,72772;9481,007691;11159,97304;8389,743879;8522,143054;10873,97036;10842,91479;9593,999782;8200,709629;11518,84885;9127,15;8450,805854;8235,754;8848,315683;9974,015192;8207,01731;10976,31452;12817,89515;11111,7882;7565,667947;11336,73578;8997,635465;10506,34376;8441,674983;7251,84731;12223,08774;10931,40412;7266,908167;6916,073526;12648,91606;8618,09;7373,252637;7581,41;7362,589082;9913,634298;8836,269942;7988,036567;13806,80502;10978,29119;7200,341201;11685,3583;7831,407369;10538,6708;7599,319116;6388,660869;10969,86936;9413,945848;6318,768236;6384,086746;11011,13272;7760,51;6579,159312;6860,006;6852,2376;8695,604;8132,766714;7542,284214;12900,24746;9980,162627;6495,955968;10610,93453;7100,204371;9354,202363
1.04.2023;8892,576003;9405,061383;11794,778;11380,91285;10633,93673;8447,370444;13124,90781;9834,68;9465,292774;9024,4;9133,212742;10806,76788;9002,464981;11959,12709;13713,33896;12201,37973;7561,586066;12263,91515;9718,284028;11491,64637;8527,944771;8639,496201;11384,28391;10600,18555;9225,9507;8431,934623;11669,2329;8856,1;8809,757211;7928,697;8826,671096;10150,4645;8702,7441;10748,43769;13135,44269;11396,55975;7473,005807;11488,69879;8931,587877;10556,05196;8576,05717;7262,786076;12568,14664;11090,72451;7353,359515;6990,48766;13026,17301;8694,03;7526,182092;7772,943;7525,608875;9956,262069;9083,287293;8077,742067;14315,6447;11295,59993;7259,952491;12013,41072;7938,683807;10773,83512;7749,358302;6575,460237;11052,83305;10013,10699;6482,196506;6475,361708;11185,17654;8015,78;6365,886558;7250,144;7028,396366;8867,643528;8620,436647;7732,524115;12233,65594;10234,13307;6537,932522;10452,73039;7317,585808;9444,899145
1.07.2023;9570,950993;9634,022386;12233,37281;11942,11733;10906,94162;8551,210177;14216,21337;10049,11;9593,72;8732,539;9105,351337;11555,64292;9187,409403;12180,05343;14879,85491;12835,69311;7601,739206;12960,43992;9923,298887;12109,32507;8503,31932;8205,179135;11642,91586;11050,44827;9702,54062;8491,840538;12240,49824;9198,47;8731,24;8565,81;9305,955029;10689,43408;8742,707643;10739,1676;13980,30259;11713,32474;7614,862416;11981,88894;9086,584796;10901,37615;8833,862044;7460,996738;12994,73973;11360,54009;7699,4056;7372,447086;14186,14441;9017,64;7810,18;7972,222;7700,150928;10666,86016;9363,805907;8406,413725;14909,68339;12090,28833;7283,683692;12605,08053;8204,569117;11403,23728;8038,112071;6532,114859;11312,0218;10051,27478;6726,325433;6561,560424;11809,90948;8184,63;6768,31;7301,076;7291,374456;8920,575109;8842,699852;8431,505457;12629,45939;10709,48184;6688,16344;10826,81876;7527,090667;9829,124636
1.10.2023;9845,782029;9701,156498;13064,5801;12765,85855;11266,59905;8719,39774;14564,82891;10686;10197,1311;8947,254;9187,234364;12452,55705;9891,477527;12391,29977;15560,84074;13352,62397;7853,008369;13558,88841;10232,06703;12714,12289;9383,859502;9122,395201;12389,42743;10916,85946;10347,83968;8208,391228;13530,13699;10034,18;9201,514367;8734,828;9628,874882;11106,98891;9426,315375;10467,1006;14847,36643;12498,11213;7655,291106;12679,22015;9532,346501;11629,80488;9343,435599;7819,227844;13678,04524;11842,1255;7835,141404;7566,374001;15146,74237;9433,35;8165,77025;8415,499;8276,166613;11409,16055;9802,474545;8851,029307;16665,62105;12808,91801;7572,704919;13643,1017;8588,976906;12120,76782;8162,550459;6895,343756;11503,17125;10170,58669;7144,333022;6992,055519;12297,33435;8464,72;6986,911257;7407,957;7409,119353;9506,424975;9380,871547;8133,792934;13317,57262;11111,73285;7067,078347;11286,02145;7745,361497;10175,01762